Player,Pos,Age,Tm,Link,Status
Precious Achiuwa,C,23,TOR,https://www.basketball-reference.com/players/a/achiupr01.html,Active
Steven Adams,C,29,MEM,https://www.basketball-reference.com/players/a/adamsst01.html,Active
Bam Adebayo,C,25,MIA,https://www.basketball-reference.com/players/a/adebaba01.html,Active
Ochai Agbaji,SG,22,UTA,https://www.basketball-reference.com/players/a/agbajoc01.html,Active
Santi Aldama,PF,22,MEM,https://www.basketball-reference.com/players/a/aldamsa01.html,Active
Nickeil Alexander-Walker,SG,24,UTA,https://www.basketball-reference.com/players/a/alexani01.html,Active
Grayson Allen,SG,27,MIL,https://www.basketball-reference.com/players/a/allengr01.html,Active
Jarrett Allen,C,24,CLE,https://www.basketball-reference.com/players/a/allenja01.html,Active
Jose Alvarado,PG,24,NOP,https://www.basketball-reference.com/players/a/alvarjo01.html,Active
Kyle Anderson,PF,29,MIN,https://www.basketball-reference.com/players/a/anderky01.html,Active
Giannis Antetokounmpo,PF,28,MIL,https://www.basketball-reference.com/players/a/antetgi01.html,Active
Thanasis Antetokounmpo,SF,30,MIL,https://www.basketball-reference.com/players/a/antetth01.html,Active
Cole Anthony,PG,22,ORL,https://www.basketball-reference.com/players/a/anthoco01.html,Active
OG Anunoby,SF,25,TOR,https://www.basketball-reference.com/players/a/anunoog01.html,Active
Ryan Arcidiacono,PG,28,NYK,https://www.basketball-reference.com/players/a/arcidry01.html,Active
Deni Avdija,SF,22,WAS,https://www.basketball-reference.com/players/a/avdijde01.html,Active
Deandre Ayton,C,24,PHO,https://www.basketball-reference.com/players/a/aytonde01.html,Active
Udoka Azubuike,C,23,UTA,https://www.basketball-reference.com/players/a/azubuud01.html,Active
Marvin Bagley III,C,23,DET,https://www.basketball-reference.com/players/b/baglema01.html,Active
Patrick Baldwin Jr.,SF,20,GSW,https://www.basketball-reference.com/players/b/baldwpa01.html,Active
LaMelo Ball,PG,21,CHO,https://www.basketball-reference.com/players/b/ballla01.html,Active
Mo Bamba,C,24,ORL,https://www.basketball-reference.com/players/b/bambamo01.html,Active
Paolo Banchero,PF,20,ORL,https://www.basketball-reference.com/players/b/banchpa01.html,Active
Desmond Bane,SG,24,MEM,https://www.basketball-reference.com/players/b/banede01.html,Active
Dalano Banton,PG,23,TOR,https://www.basketball-reference.com/players/b/bantoda01.html,Active
Dominick Barlow,SF,19,SAS,https://www.basketball-reference.com/players/b/barlodo01.html,Active
Harrison Barnes,PF,30,SAC,https://www.basketball-reference.com/players/b/barneha02.html,Active
Scottie Barnes,PF,21,TOR,https://www.basketball-reference.com/players/b/barnesc01.html,Active
RJ Barrett,SG,22,NYK,https://www.basketball-reference.com/players/b/barrerj01.html,Active
Will Barton,SG,32,WAS,https://www.basketball-reference.com/players/b/bartowi01.html,Active
Charles Bassey,C,22,SAS,https://www.basketball-reference.com/players/b/bassech01.html,Active
Keita Bates-Diop,SF,27,SAS,https://www.basketball-reference.com/players/b/bateske01.html,Active
Nicolas Batum,PF,34,LAC,https://www.basketball-reference.com/players/b/batumni01.html,Active
Darius Bazley,PF,22,OKC,https://www.basketball-reference.com/players/b/bazleda01.html,Active
Bradley Beal,SG,29,WAS,https://www.basketball-reference.com/players/b/bealbr01.html,Active
Malik Beasley,SG,26,UTA,https://www.basketball-reference.com/players/b/beaslma01.html,Active
MarJon Beauchamp,SF,22,MIL,https://www.basketball-reference.com/players/b/beaucma01.html,Active
Dāvis Bertāns,PF,30,DAL,https://www.basketball-reference.com/players/b/bertada01.html,Active
Patrick Beverley,PG,34,LAL,https://www.basketball-reference.com/players/b/beverpa01.html,Active
Saddiq Bey,SF,23,DET,https://www.basketball-reference.com/players/b/beysa01.html,Active
Khem Birch,C,30,TOR,https://www.basketball-reference.com/players/b/birchkh01.html,Active
Goga Bitadze,C,23,IND,https://www.basketball-reference.com/players/b/bitadgo01.html,Active
Bismack Biyombo,C,30,PHO,https://www.basketball-reference.com/players/b/biyombi01.html,Active
Buddy Boeheim,PG,23,DET,https://www.basketball-reference.com/players/b/boehebu01.html,Active
Bogdan Bogdanović,SG,30,ATL,https://www.basketball-reference.com/players/b/bogdabo01.html,Active
Bojan Bogdanović,PF,33,DET,https://www.basketball-reference.com/players/b/bogdabo02.html,Active
Bol Bol,PF,23,ORL,https://www.basketball-reference.com/players/b/bolbo01.html,Active
Leandro Bolmaro,SG,22,UTA,https://www.basketball-reference.com/players/b/bolmale01.html,Active
Devin Booker,SG,26,PHO,https://www.basketball-reference.com/players/b/bookede01.html,Active
Brandon Boston Jr.,SG,21,LAC,https://www.basketball-reference.com/players/b/bostobr01.html,Active
Chris Boucher,PF,30,TOR,https://www.basketball-reference.com/players/b/bouchch01.html,Active
James Bouknight,SG,22,CHO,https://www.basketball-reference.com/players/b/bouknja01.html,Active
Tony Bradley,C,25,CHI,https://www.basketball-reference.com/players/b/bradlto01.html,Active
Malaki Branham,SF,19,SAS,https://www.basketball-reference.com/players/b/branhma01.html,Active
Christian Braun,SG,21,DEN,https://www.basketball-reference.com/players/b/braunch01.html,Active
Mikal Bridges,SF,26,PHO,https://www.basketball-reference.com/players/b/bridgmi01.html,Active
Oshae Brissett,SF,24,IND,https://www.basketball-reference.com/players/b/brissos01.html,Active
Malcolm Brogdon,PG,30,BOS,https://www.basketball-reference.com/players/b/brogdma01.html,Active
Dillon Brooks,SF,27,MEM,https://www.basketball-reference.com/players/b/brookdi01.html,Active
Bruce Brown,SG,26,DEN,https://www.basketball-reference.com/players/b/brownbr01.html,Active
Greg Brown III,PF,21,POR,https://www.basketball-reference.com/players/b/browngr01.html,Active
Jaylen Brown,SF,26,BOS,https://www.basketball-reference.com/players/b/brownja02.html,Active
Kendall Brown,SG,19,IND,https://www.basketball-reference.com/players/b/brownke03.html,Active
Moses Brown,C,23,LAC,https://www.basketball-reference.com/players/b/brownmo01.html,Active
Sterling Brown,SG,27,LAL,https://www.basketball-reference.com/players/b/brownst02.html,Active
Troy Brown Jr.,SF,23,LAL,https://www.basketball-reference.com/players/b/browntr01.html,Active
Jalen Brunson,PG,26,NYK,https://www.basketball-reference.com/players/b/brunsja01.html,Active
Thomas Bryant,C,25,LAL,https://www.basketball-reference.com/players/b/bryanth01.html,Active
Reggie Bullock,SF,31,DAL,https://www.basketball-reference.com/players/b/bullore01.html,Active
Alec Burks,SG,31,DET,https://www.basketball-reference.com/players/b/burksal01.html,Active
Deonte Burton,SG,29,SAC,https://www.basketball-reference.com/players/b/burtode02.html,Active
Jimmy Butler,SF,33,MIA,https://www.basketball-reference.com/players/b/butleji01.html,Active
John Butler,C,20,POR,https://www.basketball-reference.com/players/b/butlejo01.html,Active
Jamal Cain,SF,23,MIA,https://www.basketball-reference.com/players/c/cainja01.html,Active
Kentavious Caldwell-Pope,SG,29,DEN,https://www.basketball-reference.com/players/c/caldwke01.html,Active
Facundo Campazzo,PG,31,DAL,https://www.basketball-reference.com/players/c/campafa01.html,Active
Vlatko Čančar,PF,25,DEN,https://www.basketball-reference.com/players/c/cancavl01.html,Active
Clint Capela,C,28,ATL,https://www.basketball-reference.com/players/c/capelca01.html,Active
Vernon Carey Jr.,C,21,WAS,https://www.basketball-reference.com/players/c/careyve01.html,Active
Jevon Carter,PG,27,MIL,https://www.basketball-reference.com/players/c/carteje01.html,Active
Wendell Carter Jr.,C,23,ORL,https://www.basketball-reference.com/players/c/cartewe01.html,Active
Alex Caruso,PG,28,CHI,https://www.basketball-reference.com/players/c/carusal01.html,Active
Julian Champagnie,SF,21,PHI,https://www.basketball-reference.com/players/c/champju02.html,Active
Justin Champagnie,SF,21,TOR,https://www.basketball-reference.com/players/c/champju01.html,Active
Kennedy Chandler,PG,20,MEM,https://www.basketball-reference.com/players/c/chandke01.html,Active
Max Christie,SG,19,LAL,https://www.basketball-reference.com/players/c/chrisma02.html,Active
Josh Christopher,SG,21,HOU,https://www.basketball-reference.com/players/c/chrisjo01.html,Active
Brandon Clarke,PF,26,MEM,https://www.basketball-reference.com/players/c/clarkbr01.html,Active
Jordan Clarkson,SG,30,UTA,https://www.basketball-reference.com/players/c/clarkjo01.html,Active
Nic Claxton,C,23,BRK,https://www.basketball-reference.com/players/c/claxtni01.html,Active
Amir Coffey,SG,25,LAC,https://www.basketball-reference.com/players/c/coffeam01.html,Active
John Collins,PF,25,ATL,https://www.basketball-reference.com/players/c/collijo01.html,Active
Zach Collins,C,25,SAS,https://www.basketball-reference.com/players/c/colliza01.html,Active
Mike Conley,PG,35,UTA,https://www.basketball-reference.com/players/c/conlemi01.html,Active
Pat Connaughton,SG,30,MIL,https://www.basketball-reference.com/players/c/connapa01.html,Active
Robert Covington,PF,32,LAC,https://www.basketball-reference.com/players/c/covinro01.html,Active
Torrey Craig,SF,32,PHO,https://www.basketball-reference.com/players/c/craigto01.html,Active
Jarrett Culver,SG,23,ATL,https://www.basketball-reference.com/players/c/culveja01.html,Active
Cade Cunningham,PG,21,DET,https://www.basketball-reference.com/players/c/cunnica01.html,Active
Seth Curry,SG,32,BRK,https://www.basketball-reference.com/players/c/curryse01.html,Active
Stephen Curry,PG,34,GSW,https://www.basketball-reference.com/players/c/curryst01.html,Active
Dyson Daniels,PG,19,NOP,https://www.basketball-reference.com/players/d/daniedy01.html,Active
Anthony Davis,C,29,LAL,https://www.basketball-reference.com/players/d/davisan02.html,Active
Johnny Davis,SG,20,WAS,https://www.basketball-reference.com/players/d/davisjo06.html,Active
Terence Davis,SG,25,SAC,https://www.basketball-reference.com/players/d/daviste02.html,Active
JD Davison,PG,20,BOS,https://www.basketball-reference.com/players/d/davisjd01.html,Active
Darius Days,PF,23,HOU,https://www.basketball-reference.com/players/d/daysda01.html,Active
Dewayne Dedmon,C,33,MIA,https://www.basketball-reference.com/players/d/dedmode01.html,Active
Matthew Dellavedova,PG,32,SAC,https://www.basketball-reference.com/players/d/dellama01.html,Active
DeMar DeRozan,SF,33,CHI,https://www.basketball-reference.com/players/d/derozde01.html,Active
Moussa Diabaté,PF,21,LAC,https://www.basketball-reference.com/players/d/diabamo01.html,Active
Mamadi Diakite,PF,26,CLE,https://www.basketball-reference.com/players/d/diakima01.html,Active
Hamidou Diallo,SG,24,DET,https://www.basketball-reference.com/players/d/diallha01.html,Active
Gorgui Dieng,C,33,SAS,https://www.basketball-reference.com/players/d/dienggo01.html,Active
Ousmane Dieng,SF,19,OKC,https://www.basketball-reference.com/players/d/diengou01.html,Active
Spencer Dinwiddie,PG,29,DAL,https://www.basketball-reference.com/players/d/dinwisp01.html,Active
Donte DiVincenzo,SG,26,GSW,https://www.basketball-reference.com/players/d/divindo01.html,Active
Luka Dončić,PG,23,DAL,https://www.basketball-reference.com/players/d/doncilu01.html,Active
Tyler Dorsey,SG,26,DAL,https://www.basketball-reference.com/players/d/dorsety01.html,Active
Luguentz Dort,SG,23,OKC,https://www.basketball-reference.com/players/d/dortlu01.html,Active
Ayo Dosunmu,SG,23,CHI,https://www.basketball-reference.com/players/d/dosunay01.html,Active
Devon Dotson,PG,23,WAS,https://www.basketball-reference.com/players/d/dotsode01.html,Active
Jeff Dowtin,PG,25,TOR,https://www.basketball-reference.com/players/d/dowtije01.html,Active
PJ Dozier,SG,26,SAC,https://www.basketball-reference.com/players/d/doziepj01.html,Active
Goran Dragić,PG,36,CHI,https://www.basketball-reference.com/players/d/dragigo01.html,Active
Andre Drummond,C,29,CHI,https://www.basketball-reference.com/players/d/drumman01.html,Active
Chris Duarte,SF,25,IND,https://www.basketball-reference.com/players/d/duartch01.html,Active
David Duke Jr.,SG,23,BRK,https://www.basketball-reference.com/players/d/dukeda01.html,Active
Kevin Durant,PF,34,BRK,https://www.basketball-reference.com/players/d/duranke01.html,Active
Jalen Duren,C,19,DET,https://www.basketball-reference.com/players/d/durenja01.html,Active
Tari Eason,PF,21,HOU,https://www.basketball-reference.com/players/e/easonta01.html,Active
Anthony Edwards,SG,21,MIN,https://www.basketball-reference.com/players/e/edwaran01.html,Active
Kessler Edwards,SF,22,BRK,https://www.basketball-reference.com/players/e/edwarke02.html,Active
Keon Ellis,SG,23,SAC,https://www.basketball-reference.com/players/e/elliske01.html,Active
Joel Embiid,C,28,PHI,https://www.basketball-reference.com/players/e/embiijo01.html,Active
Drew Eubanks,C,25,POR,https://www.basketball-reference.com/players/e/eubandr01.html,Active
Bruno Fernando,C,24,HOU,https://www.basketball-reference.com/players/f/fernabr01.html,Active
Dorian Finney-Smith,PF,29,DAL,https://www.basketball-reference.com/players/f/finnedo01.html,Active
Malachi Flynn,PG,24,TOR,https://www.basketball-reference.com/players/f/flynnma01.html,Active
Simone Fontecchio,SF,27,UTA,https://www.basketball-reference.com/players/f/fontesi01.html,Active
Bryn Forbes,SG,29,MIN,https://www.basketball-reference.com/players/f/forbebr01.html,Active
Trent Forrest,PG,24,ATL,https://www.basketball-reference.com/players/f/forretr01.html,Active
Michael Foster Jr.,PF,20,PHI,https://www.basketball-reference.com/players/f/fostemi02.html,Active
Evan Fournier,SG,30,NYK,https://www.basketball-reference.com/players/f/fournev01.html,Active
De'Aaron Fox,PG,25,SAC,https://www.basketball-reference.com/players/f/foxde01.html,Active
Markelle Fultz,PG,24,ORL,https://www.basketball-reference.com/players/f/fultzma01.html,Active
Wenyen Gabriel,PF,25,LAL,https://www.basketball-reference.com/players/g/gabriwe01.html,Active
Daniel Gafford,C,24,WAS,https://www.basketball-reference.com/players/g/gaffoda01.html,Active
Darius Garland,PG,23,CLE,https://www.basketball-reference.com/players/g/garlada01.html,Active
Usman Garuba,PF,20,HOU,https://www.basketball-reference.com/players/g/garubus01.html,Active
Luka Garza,C,24,MIN,https://www.basketball-reference.com/players/g/garzalu01.html,Active
Rudy Gay,PF,36,UTA,https://www.basketball-reference.com/players/g/gayru01.html,Active
Paul George,SG,32,LAC,https://www.basketball-reference.com/players/g/georgpa01.html,Active
Taj Gibson,C,37,WAS,https://www.basketball-reference.com/players/g/gibsota01.html,Active
Josh Giddey,SG,20,OKC,https://www.basketball-reference.com/players/g/giddejo01.html,Active
Shai Gilgeous-Alexander,PG,24,OKC,https://www.basketball-reference.com/players/g/gilgesh01.html,Active
Anthony Gill,PF,30,WAS,https://www.basketball-reference.com/players/g/gillan01.html,Active
Rudy Gobert,C,30,MIN,https://www.basketball-reference.com/players/g/goberru01.html,Active
Jordan Goodwin,PG,24,WAS,https://www.basketball-reference.com/players/g/goodwjo01.html,Active
Aaron Gordon,PF,27,DEN,https://www.basketball-reference.com/players/g/gordoaa01.html,Active
Eric Gordon,SG,34,HOU,https://www.basketball-reference.com/players/g/gordoer01.html,Active
Devonte' Graham,PG,27,NOP,https://www.basketball-reference.com/players/g/grahade01.html,Active
Jerami Grant,PF,28,POR,https://www.basketball-reference.com/players/g/grantje01.html,Active
A.J. Green,SG,23,MIL,https://www.basketball-reference.com/players/g/greenaj01.html,Active
Danny Green,SG,35,MEM,https://www.basketball-reference.com/players/g/greenda02.html,Active
Draymond Green,PF,32,GSW,https://www.basketball-reference.com/players/g/greendr01.html,Active
Jalen Green,SG,20,HOU,https://www.basketball-reference.com/players/g/greenja05.html,Active
JaMychal Green,PF,32,GSW,https://www.basketball-reference.com/players/g/greenja01.html,Active
Javonte Green,SG,29,CHI,https://www.basketball-reference.com/players/g/greenja02.html,Active
Jeff Green,PF,36,DEN,https://www.basketball-reference.com/players/g/greenje02.html,Active
Josh Green,SG,22,DAL,https://www.basketball-reference.com/players/g/greenjo02.html,Active
AJ Griffin,SF,19,ATL,https://www.basketball-reference.com/players/g/griffaj01.html,Active
Blake Griffin,C,33,BOS,https://www.basketball-reference.com/players/g/griffbl01.html,Active
Quentin Grimes,SG,22,NYK,https://www.basketball-reference.com/players/g/grimequ01.html,Active
Rui Hachimura,PF,24,TOT,https://www.basketball-reference.com/players/h/hachiru01.html,Active
Rui Hachimura,PF,24,WAS,https://www.basketball-reference.com/players/h/hachiru01.html,Active
Rui Hachimura,PF,24,LAL,https://www.basketball-reference.com/players/h/hachiru01.html,Active
Tyrese Haliburton,PG,22,IND,https://www.basketball-reference.com/players/h/halibty01.html,Active
Jordan Hall,SF,21,SAS,https://www.basketball-reference.com/players/h/halljo02.html,Active
R.J. Hampton,PG,21,ORL,https://www.basketball-reference.com/players/h/hamptrj01.html,Active
Tim Hardaway Jr.,SG,30,DAL,https://www.basketball-reference.com/players/h/hardati02.html,Active
James Harden,PG,33,PHI,https://www.basketball-reference.com/players/h/hardeja01.html,Active
Jaden Hardy,SG,20,DAL,https://www.basketball-reference.com/players/h/hardyja02.html,Active
Ron Harper Jr.,SF,22,TOR,https://www.basketball-reference.com/players/h/harpero02.html,Active
Montrezl Harrell,C,29,PHI,https://www.basketball-reference.com/players/h/harremo01.html,Active
Gary Harris,SG,28,ORL,https://www.basketball-reference.com/players/h/harriga01.html,Active
Joe Harris,SG,31,BRK,https://www.basketball-reference.com/players/h/harrijo01.html,Active
Kevon Harris,SG,25,ORL,https://www.basketball-reference.com/players/h/harrike01.html,Active
Tobias Harris,PF,30,PHI,https://www.basketball-reference.com/players/h/harrito02.html,Active
Josh Hart,SF,27,POR,https://www.basketball-reference.com/players/h/hartjo01.html,Active
Isaiah Hartenstein,C,24,NYK,https://www.basketball-reference.com/players/h/harteis01.html,Active
Udonis Haslem,C,42,MIA,https://www.basketball-reference.com/players/h/hasleud01.html,Active
Sam Hauser,PF,25,BOS,https://www.basketball-reference.com/players/h/hausesa01.html,Active
Jaxson Hayes,C,22,NOP,https://www.basketball-reference.com/players/h/hayesja02.html,Active
Killian Hayes,PG,21,DET,https://www.basketball-reference.com/players/h/hayeski01.html,Active
Gordon Hayward,SF,32,CHO,https://www.basketball-reference.com/players/h/haywago01.html,Active
Juancho Hernangómez,PF,27,TOR,https://www.basketball-reference.com/players/h/hernaju01.html,Active
Willy Hernangómez,C,28,NOP,https://www.basketball-reference.com/players/h/hernawi01.html,Active
Tyler Herro,SG,23,MIA,https://www.basketball-reference.com/players/h/herroty01.html,Active
Buddy Hield,SF,30,IND,https://www.basketball-reference.com/players/h/hieldbu01.html,Active
Haywood Highsmith,SF,26,MIA,https://www.basketball-reference.com/players/h/highsha01.html,Active
George Hill,PG,36,MIL,https://www.basketball-reference.com/players/h/hillge01.html,Active
Malcolm Hill,SF,27,CHI,https://www.basketball-reference.com/players/h/hillma01.html,Active
Aaron Holiday,PG,26,ATL,https://www.basketball-reference.com/players/h/holidaa01.html,Active
Jrue Holiday,PG,32,MIL,https://www.basketball-reference.com/players/h/holidjr01.html,Active
Justin Holiday,SG,33,ATL,https://www.basketball-reference.com/players/h/holidju01.html,Active
Richaun Holmes,C,29,SAC,https://www.basketball-reference.com/players/h/holmeri01.html,Active
Al Horford,C,36,BOS,https://www.basketball-reference.com/players/h/horfoal01.html,Active
Talen Horton-Tucker,SG,22,UTA,https://www.basketball-reference.com/players/h/hortota01.html,Active
Danuel House Jr.,SF,29,PHI,https://www.basketball-reference.com/players/h/houseda01.html,Active
Caleb Houstan,SF,20,ORL,https://www.basketball-reference.com/players/h/houstca01.html,Active
Trevor Hudgins,PG,23,HOU,https://www.basketball-reference.com/players/h/hudgitr01.html,Active
Kevin Huerter,SG,24,SAC,https://www.basketball-reference.com/players/h/huertke01.html,Active
De'Andre Hunter,SF,25,ATL,https://www.basketball-reference.com/players/h/huntede01.html,Active
Bones Hyland,PG,22,DEN,https://www.basketball-reference.com/players/h/hylanbo01.html,Active
Serge Ibaka,C,33,MIL,https://www.basketball-reference.com/players/i/ibakase01.html,Active
Andre Iguodala,SF,39,GSW,https://www.basketball-reference.com/players/i/iguodan01.html,Active
Joe Ingles,SF,35,MIL,https://www.basketball-reference.com/players/i/inglejo01.html,Active
Brandon Ingram,SF,25,NOP,https://www.basketball-reference.com/players/i/ingrabr01.html,Active
Kyrie Irving,PG,30,BRK,https://www.basketball-reference.com/players/i/irvinky01.html,Active
Jonathan Isaac,PF,25,ORL,https://www.basketball-reference.com/players/i/isaacjo01.html,Active
Jaden Ivey,SG,20,DET,https://www.basketball-reference.com/players/i/iveyja01.html,Active
Isaiah Jackson,C,21,IND,https://www.basketball-reference.com/players/j/jacksis01.html,Active
Jaren Jackson Jr.,C,23,MEM,https://www.basketball-reference.com/players/j/jacksja02.html,Active
Justin Jackson,SF,27,BOS,https://www.basketball-reference.com/players/j/jacksju01.html,Active
Reggie Jackson,PG,32,LAC,https://www.basketball-reference.com/players/j/jacksre01.html,Active
LeBron James,PF,38,LAL,https://www.basketball-reference.com/players/j/jamesle01.html,Active
Ty Jerome,SG,25,GSW,https://www.basketball-reference.com/players/j/jeromty01.html,Active
Isaiah Joe,SG,23,OKC,https://www.basketball-reference.com/players/j/joeis01.html,Active
Alize Johnson,PF,26,SAS,https://www.basketball-reference.com/players/j/johnsal02.html,Active
Cameron Johnson,PF,26,PHO,https://www.basketball-reference.com/players/j/johnsca02.html,Active
Jalen Johnson,SF,21,ATL,https://www.basketball-reference.com/players/j/johnsja05.html,Active
James Johnson,PF,35,IND,https://www.basketball-reference.com/players/j/johnsja01.html,Active
Keldon Johnson,SF,23,SAS,https://www.basketball-reference.com/players/j/johnske04.html,Active
Keon Johnson,SG,20,POR,https://www.basketball-reference.com/players/j/johnske07.html,Active
Stanley Johnson,SF,26,SAS,https://www.basketball-reference.com/players/j/johnsst04.html,Active
Nikola Jokić,C,27,DEN,https://www.basketball-reference.com/players/j/jokicni01.html,Active
Carlik Jones,PG,25,CHI,https://www.basketball-reference.com/players/j/jonesca03.html,Active
Damian Jones,C,27,LAL,https://www.basketball-reference.com/players/j/jonesda03.html,Active
Derrick Jones Jr.,SF,25,CHI,https://www.basketball-reference.com/players/j/jonesde02.html,Active
Herbert Jones,SF,24,NOP,https://www.basketball-reference.com/players/j/joneshe01.html,Active
Kai Jones,C,22,CHO,https://www.basketball-reference.com/players/j/joneska01.html,Active
Tre Jones,PG,23,SAS,https://www.basketball-reference.com/players/j/jonestr01.html,Active
Tyus Jones,PG,26,MEM,https://www.basketball-reference.com/players/j/jonesty01.html,Active
DeAndre Jordan,C,34,DEN,https://www.basketball-reference.com/players/j/jordade01.html,Active
Cory Joseph,PG,31,DET,https://www.basketball-reference.com/players/j/josepco01.html,Active
Nikola Jović,PF,19,MIA,https://www.basketball-reference.com/players/j/jovicni01.html,Active
Mfiondu Kabengele,PF,25,BOS,https://www.basketball-reference.com/players/k/kabenmf01.html,Active
Frank Kaminsky,C,29,ATL,https://www.basketball-reference.com/players/k/kaminfr01.html,Active
Trevor Keels,SG,19,NYK,https://www.basketball-reference.com/players/k/keelstr01.html,Active
Luke Kennard,SG,26,LAC,https://www.basketball-reference.com/players/k/kennalu01.html,Active
Walker Kessler,C,21,UTA,https://www.basketball-reference.com/players/k/kesslwa01.html,Active
Braxton Key,SF,25,DET,https://www.basketball-reference.com/players/k/keybr01.html,Active
Corey Kispert,SF,23,WAS,https://www.basketball-reference.com/players/k/kispeco01.html,Active
Maxi Kleber,C,31,DAL,https://www.basketball-reference.com/players/k/klebima01.html,Active
Nathan Knight,PF,25,MIN,https://www.basketball-reference.com/players/k/knighna01.html,Active
Kevin Knox,PF,23,DET,https://www.basketball-reference.com/players/k/knoxke01.html,Active
Christian Koloko,C,22,TOR,https://www.basketball-reference.com/players/k/kolokch01.html,Active
John Konchar,SG,26,MEM,https://www.basketball-reference.com/players/k/konchjo01.html,Active
Furkan Korkmaz,SG,25,PHI,https://www.basketball-reference.com/players/k/korkmfu01.html,Active
Luke Kornet,C,27,BOS,https://www.basketball-reference.com/players/k/kornelu01.html,Active
Vit Krejci,PG,22,ATL,https://www.basketball-reference.com/players/k/krejcvi01.html,Active
Jonathan Kuminga,PF,20,GSW,https://www.basketball-reference.com/players/k/kuminjo01.html,Active
Kyle Kuzma,PF,27,WAS,https://www.basketball-reference.com/players/k/kuzmaky01.html,Active
Anthony Lamb,SF,25,GSW,https://www.basketball-reference.com/players/l/lamban01.html,Active
Jock Landale,C,27,PHO,https://www.basketball-reference.com/players/l/landajo01.html,Active
Romeo Langford,SG,23,SAS,https://www.basketball-reference.com/players/l/langfro01.html,Active
Jake LaRavia,PF,21,MEM,https://www.basketball-reference.com/players/l/laravja01.html,Active
Zach LaVine,SG,27,CHI,https://www.basketball-reference.com/players/l/lavinza01.html,Active
A.J. Lawson,SG,22,TOT,https://www.basketball-reference.com/players/l/lawsoaj01.html,Active
A.J. Lawson,SG,22,MIN,https://www.basketball-reference.com/players/l/lawsoaj01.html,Active
A.J. Lawson,SG,22,DAL,https://www.basketball-reference.com/players/l/lawsoaj01.html,Active
Damion Lee,SG,30,PHO,https://www.basketball-reference.com/players/l/leeda03.html,Active
Saben Lee,PG,23,TOT,https://www.basketball-reference.com/players/l/leesa01.html,Active
Saben Lee,PG,23,PHI,https://www.basketball-reference.com/players/l/leesa01.html,Active
Saben Lee,PG,23,PHO,https://www.basketball-reference.com/players/l/leesa01.html,Active
Alex Len,C,29,SAC,https://www.basketball-reference.com/players/l/lenal01.html,Active
Kawhi Leonard,SF,31,LAC,https://www.basketball-reference.com/players/l/leonaka01.html,Active
Caris LeVert,SG,28,CLE,https://www.basketball-reference.com/players/l/leverca01.html,Active
Kira Lewis Jr.,PG,21,NOP,https://www.basketball-reference.com/players/l/lewiski01.html,Active
Damian Lillard,PG,32,POR,https://www.basketball-reference.com/players/l/lillada01.html,Active
Nassir Little,SF,22,POR,https://www.basketball-reference.com/players/l/littlna01.html,Active
Isaiah Livers,PF,24,DET,https://www.basketball-reference.com/players/l/liveris01.html,Active
Kenneth Lofton Jr.,PF,20,MEM,https://www.basketball-reference.com/players/l/loftoke01.html,Active
Kevon Looney,C,26,GSW,https://www.basketball-reference.com/players/l/looneke01.html,Active
Brook Lopez,C,34,MIL,https://www.basketball-reference.com/players/l/lopezbr01.html,Active
Robin Lopez,C,34,CLE,https://www.basketball-reference.com/players/l/lopezro01.html,Active
Kevin Love,PF,34,CLE,https://www.basketball-reference.com/players/l/loveke01.html,Active
Kyle Lowry,PG,36,MIA,https://www.basketball-reference.com/players/l/lowryky01.html,Active
Trey Lyles,PF,27,SAC,https://www.basketball-reference.com/players/l/lylestr01.html,Active
Théo Maledon,PG,21,CHO,https://www.basketball-reference.com/players/m/maledth01.html,Active
Sandro Mamukelashvili,C,23,MIL,https://www.basketball-reference.com/players/m/mamuksa01.html,Active
Terance Mann,SG,26,LAC,https://www.basketball-reference.com/players/m/mannte01.html,Active
Tre Mann,PG,21,OKC,https://www.basketball-reference.com/players/m/manntr01.html,Active
Boban Marjanović,C,34,HOU,https://www.basketball-reference.com/players/m/marjabo01.html,Active
Lauri Markkanen,SF,25,UTA,https://www.basketball-reference.com/players/m/markkla01.html,Active
Naji Marshall,SF,25,NOP,https://www.basketball-reference.com/players/m/marshna01.html,Active
Caleb Martin,PF,27,MIA,https://www.basketball-reference.com/players/m/martica02.html,Active
Cody Martin,SF,27,CHO,https://www.basketball-reference.com/players/m/martico01.html,Active
Kenyon Martin Jr.,SF,22,HOU,https://www.basketball-reference.com/players/m/martike04.html,Active
Tyrese Martin,SG,23,ATL,https://www.basketball-reference.com/players/m/martity01.html,Active
Garrison Mathews,SG,26,HOU,https://www.basketball-reference.com/players/m/mathega01.html,Active
Bennedict Mathurin,SF,20,IND,https://www.basketball-reference.com/players/m/mathube01.html,Active
Wesley Matthews,SG,36,MIL,https://www.basketball-reference.com/players/m/matthwe02.html,Active
Tyrese Maxey,SG,22,PHI,https://www.basketball-reference.com/players/m/maxeyty01.html,Active
Miles McBride,PG,22,NYK,https://www.basketball-reference.com/players/m/mcbrimi01.html,Active
CJ McCollum,SG,31,NOP,https://www.basketball-reference.com/players/m/mccolcj01.html,Active
T.J. McConnell,PG,30,IND,https://www.basketball-reference.com/players/m/mccontj01.html,Active
Jaden McDaniels,PF,22,MIN,https://www.basketball-reference.com/players/m/mcdanja02.html,Active
Jalen McDaniels,SF,25,CHO,https://www.basketball-reference.com/players/m/mcdanja01.html,Active
Doug McDermott,SF,31,SAS,https://www.basketball-reference.com/players/m/mcderdo01.html,Active
JaVale McGee,C,35,DAL,https://www.basketball-reference.com/players/m/mcgeeja01.html,Active
Bryce McGowens,SG,20,CHO,https://www.basketball-reference.com/players/m/mcgowbr01.html,Active
Rodney McGruder,SG,31,DET,https://www.basketball-reference.com/players/m/mcgruro01.html,Active
Jordan McLaughlin,PG,26,MIN,https://www.basketball-reference.com/players/m/mclaujo01.html,Active
De'Anthony Melton,PG,24,PHI,https://www.basketball-reference.com/players/m/meltode01.html,Active
Chimezie Metu,C,25,SAC,https://www.basketball-reference.com/players/m/metuch01.html,Active
Khris Middleton,SF,31,MIL,https://www.basketball-reference.com/players/m/middlkh01.html,Active
Patty Mills,PG,34,BRK,https://www.basketball-reference.com/players/m/millspa02.html,Active
Shake Milton,SG,26,PHI,https://www.basketball-reference.com/players/m/miltosh01.html,Active
Josh Minott,SF,20,MIN,https://www.basketball-reference.com/players/m/minotjo01.html,Active
Davion Mitchell,PG,24,SAC,https://www.basketball-reference.com/players/m/mitchda01.html,Active
Donovan Mitchell,SG,26,CLE,https://www.basketball-reference.com/players/m/mitchdo01.html,Active
Evan Mobley,PF,21,CLE,https://www.basketball-reference.com/players/m/mobleev01.html,Active
Isaiah Mobley,PF,23,CLE,https://www.basketball-reference.com/players/m/mobleis01.html,Active
Chima Moneke,SF,27,SAC,https://www.basketball-reference.com/players/m/monekch01.html,Active
Malik Monk,SG,24,SAC,https://www.basketball-reference.com/players/m/monkma01.html,Active
Moses Moody,SG,20,GSW,https://www.basketball-reference.com/players/m/moodymo01.html,Active
Wendell Moore Jr.,SG,21,MIN,https://www.basketball-reference.com/players/m/moorewe01.html,Active
Ja Morant,PG,23,MEM,https://www.basketball-reference.com/players/m/moranja01.html,Active
Marcus Morris,PF,33,LAC,https://www.basketball-reference.com/players/m/morrima03.html,Active
Markieff Morris,PF,33,BRK,https://www.basketball-reference.com/players/m/morrima02.html,Active
Monte Morris,PG,27,WAS,https://www.basketball-reference.com/players/m/morrimo01.html,Active
Trey Murphy III,SF,22,NOP,https://www.basketball-reference.com/players/m/murphtr02.html,Active
Dejounte Murray,SG,26,ATL,https://www.basketball-reference.com/players/m/murrade01.html,Active
Jamal Murray,PG,25,DEN,https://www.basketball-reference.com/players/m/murraja01.html,Active
Keegan Murray,SF,22,SAC,https://www.basketball-reference.com/players/m/murrake02.html,Active
Mike Muscala,C,31,OKC,https://www.basketball-reference.com/players/m/muscami01.html,Active
Svi Mykhailiuk,SF,25,NYK,https://www.basketball-reference.com/players/m/mykhasv01.html,Active
Larry Nance Jr.,PF,30,NOP,https://www.basketball-reference.com/players/n/nancela02.html,Active
Andrew Nembhard,SG,23,IND,https://www.basketball-reference.com/players/n/nembhan01.html,Active
Aaron Nesmith,SF,23,IND,https://www.basketball-reference.com/players/n/nesmiaa01.html,Active
Raul Neto,PG,30,CLE,https://www.basketball-reference.com/players/n/netora01.html,Active
Georges Niang,PF,29,PHI,https://www.basketball-reference.com/players/n/niangge01.html,Active
Daishen Nix,PG,20,HOU,https://www.basketball-reference.com/players/n/nixda01.html,Active
Zeke Nnaji,PF,22,DEN,https://www.basketball-reference.com/players/n/nnajize01.html,Active
Nerlens Noel,C,28,DET,https://www.basketball-reference.com/players/n/noelne01.html,Active
Jaylen Nowell,SG,23,MIN,https://www.basketball-reference.com/players/n/nowelja01.html,Active
Frank Ntilikina,PG,24,DAL,https://www.basketball-reference.com/players/n/ntilila01.html,Active
Kendrick Nunn,SG-PG,27,TOT,https://www.basketball-reference.com/players/n/nunnke01.html,Active
Kendrick Nunn,SG,27,LAL,https://www.basketball-reference.com/players/n/nunnke01.html,Active
Kendrick Nunn,PG,27,WAS,https://www.basketball-reference.com/players/n/nunnke01.html,Active
Jusuf Nurkić,C,28,POR,https://www.basketball-reference.com/players/n/nurkiju01.html,Active
Jordan Nwora,SF,24,MIL,https://www.basketball-reference.com/players/n/nworajo01.html,Active
Royce O'Neale,SF,29,BRK,https://www.basketball-reference.com/players/o/onealro01.html,Active
Chuma Okeke,SF,24,ORL,https://www.basketball-reference.com/players/o/okekech01.html,Active
Josh Okogie,SG,24,PHO,https://www.basketball-reference.com/players/o/okogijo01.html,Active
Onyeka Okongwu,C,22,ATL,https://www.basketball-reference.com/players/o/okongon01.html,Active
Isaac Okoro,SF,22,CLE,https://www.basketball-reference.com/players/o/okorois01.html,Active
KZ Okpala,PF,23,SAC,https://www.basketball-reference.com/players/o/okpalkz01.html,Active
Victor Oladipo,SG,30,MIA,https://www.basketball-reference.com/players/o/oladivi01.html,Active
Kelly Olynyk,C,31,UTA,https://www.basketball-reference.com/players/o/olynyke01.html,Active
Eugene Omoruyi,SF,25,OKC,https://www.basketball-reference.com/players/o/omorueu01.html,Active
Cedi Osman,SF,27,CLE,https://www.basketball-reference.com/players/o/osmande01.html,Active
Kelly Oubre Jr.,SF,27,CHO,https://www.basketball-reference.com/players/o/oubreke01.html,Active
Chris Paul,PG,37,PHO,https://www.basketball-reference.com/players/p/paulch01.html,Active
Cameron Payne,PG,28,PHO,https://www.basketball-reference.com/players/p/payneca01.html,Active
Gary Payton II,PG,30,POR,https://www.basketball-reference.com/players/p/paytoga02.html,Active
Theo Pinson,SG,27,DAL,https://www.basketball-reference.com/players/p/pinsoth01.html,Active
Scotty Pippen Jr.,PG,22,LAL,https://www.basketball-reference.com/players/p/pippesc02.html,Active
Mason Plumlee,C,32,CHO,https://www.basketball-reference.com/players/p/plumlma01.html,Active
Jakob Poeltl,C,27,SAS,https://www.basketball-reference.com/players/p/poeltja01.html,Active
Aleksej Pokusevski,PF,21,OKC,https://www.basketball-reference.com/players/p/pokusal01.html,Active
Jordan Poole,PG,23,GSW,https://www.basketball-reference.com/players/p/poolejo01.html,Active
Kevin Porter Jr.,PG,22,HOU,https://www.basketball-reference.com/players/p/porteke02.html,Active
Michael Porter Jr.,SF,24,DEN,https://www.basketball-reference.com/players/p/portemi01.html,Active
Otto Porter Jr.,SF,29,TOR,https://www.basketball-reference.com/players/p/porteot01.html,Active
Bobby Portis,PF,27,MIL,https://www.basketball-reference.com/players/p/portibo01.html,Active
Kristaps Porziņģis,C,27,WAS,https://www.basketball-reference.com/players/p/porzikr01.html,Active
Micah Potter,PF,24,UTA,https://www.basketball-reference.com/players/p/pottemi01.html,Active
Dwight Powell,C,31,DAL,https://www.basketball-reference.com/players/p/poweldw01.html,Active
Norman Powell,SG,29,LAC,https://www.basketball-reference.com/players/p/powelno01.html,Active
Jason Preston,PG,23,LAC,https://www.basketball-reference.com/players/p/prestja01.html,Active
Joshua Primo,SG,20,SAS,https://www.basketball-reference.com/players/p/primojo01.html,Active
Taurean Prince,SF,28,MIN,https://www.basketball-reference.com/players/p/princta02.html,Active
Payton Pritchard,PG,25,BOS,https://www.basketball-reference.com/players/p/pritcpa01.html,Active
Trevelin Queen,SG,25,IND,https://www.basketball-reference.com/players/q/queentr01.html,Active
Neemias Queta,C,23,SAC,https://www.basketball-reference.com/players/q/quetane01.html,Active
Immanuel Quickley,PG,23,NYK,https://www.basketball-reference.com/players/q/quickim01.html,Active
Julius Randle,PF,28,NYK,https://www.basketball-reference.com/players/r/randlju01.html,Active
Austin Reaves,SG,24,LAL,https://www.basketball-reference.com/players/r/reaveau01.html,Active
Cam Reddish,SF,23,NYK,https://www.basketball-reference.com/players/r/reddica01.html,Active
Davon Reed,SG,27,DEN,https://www.basketball-reference.com/players/r/reedda01.html,Active
Paul Reed,C,23,PHI,https://www.basketball-reference.com/players/r/reedpa01.html,Active
Naz Reid,C,23,MIN,https://www.basketball-reference.com/players/r/reidna01.html,Active
Jared Rhoden,SG,23,DET,https://www.basketball-reference.com/players/r/rhodeja01.html,Active
Nick Richards,C,25,CHO,https://www.basketball-reference.com/players/r/richani01.html,Active
Josh Richardson,SG,29,SAS,https://www.basketball-reference.com/players/r/richajo01.html,Active
Austin Rivers,SG,30,MIN,https://www.basketball-reference.com/players/r/riverau01.html,Active
Duncan Robinson,SF,28,MIA,https://www.basketball-reference.com/players/r/robindu01.html,Active
Mitchell Robinson,C,24,NYK,https://www.basketball-reference.com/players/r/robinmi01.html,Active
Orlando Robinson,C,22,MIA,https://www.basketball-reference.com/players/r/robinor01.html,Active
Jeremiah Robinson-Earl,PF,22,OKC,https://www.basketball-reference.com/players/r/robinje02.html,Active
Isaiah Roby,PF,24,SAS,https://www.basketball-reference.com/players/r/robyis01.html,Active
David Roddy,PF,21,MEM,https://www.basketball-reference.com/players/r/roddyda01.html,Active
Ryan Rollins,PG,20,GSW,https://www.basketball-reference.com/players/r/rolliry01.html,Active
Derrick Rose,PG,34,NYK,https://www.basketball-reference.com/players/r/rosede01.html,Active
Terrence Ross,SG,31,ORL,https://www.basketball-reference.com/players/r/rosste01.html,Active
Terry Rozier,SG,28,CHO,https://www.basketball-reference.com/players/r/roziete01.html,Active
Ricky Rubio,PG,32,CLE,https://www.basketball-reference.com/players/r/rubiori01.html,Active
D'Angelo Russell,PG,26,MIN,https://www.basketball-reference.com/players/r/russeda01.html,Active
Matt Ryan,SF,25,TOT,https://www.basketball-reference.com/players/r/ryanma01.html,Active
Matt Ryan,SF,25,LAL,https://www.basketball-reference.com/players/r/ryanma01.html,Active
Matt Ryan,SF,25,MIN,https://www.basketball-reference.com/players/r/ryanma01.html,Active
Domantas Sabonis,C,26,SAC,https://www.basketball-reference.com/players/s/sabondo01.html,Active
Dario Šarić,PF,28,PHO,https://www.basketball-reference.com/players/s/saricda01.html,Active
Jordan Schakel,SF,24,WAS,https://www.basketball-reference.com/players/s/schakjo01.html,Active
Admiral Schofield,PF,25,ORL,https://www.basketball-reference.com/players/s/schofad01.html,Active
Dennis Schröder,PG,29,LAL,https://www.basketball-reference.com/players/s/schrode01.html,Active
Dereon Seabron,SG,22,NOP,https://www.basketball-reference.com/players/s/seabrde01.html,Active
Alperen Şengün,C,20,HOU,https://www.basketball-reference.com/players/s/sengual01.html,Active
Collin Sexton,SG,24,UTA,https://www.basketball-reference.com/players/s/sextoco01.html,Active
Landry Shamet,SG,25,PHO,https://www.basketball-reference.com/players/s/shamela01.html,Active
Day'Ron Sharpe,C,21,BRK,https://www.basketball-reference.com/players/s/sharpda01.html,Active
Shaedon Sharpe,SG,19,POR,https://www.basketball-reference.com/players/s/sharpsh01.html,Active
Pascal Siakam,C,28,TOR,https://www.basketball-reference.com/players/s/siakapa01.html,Active
Chris Silva,PF,26,DAL,https://www.basketball-reference.com/players/s/silvach01.html,Active
Ben Simmons,PG,26,BRK,https://www.basketball-reference.com/players/s/simmobe01.html,Active
Marko Simonovic,C,23,CHI,https://www.basketball-reference.com/players/s/simonma01.html,Active
Anfernee Simons,SG,23,POR,https://www.basketball-reference.com/players/s/simonan01.html,Active
Jericho Sims,C,24,NYK,https://www.basketball-reference.com/players/s/simsje01.html,Active
Marcus Smart,PG,28,BOS,https://www.basketball-reference.com/players/s/smartma01.html,Active
Dennis Smith Jr.,PG,25,CHO,https://www.basketball-reference.com/players/s/smithde03.html,Active
Dru Smith,SG,25,TOT,https://www.basketball-reference.com/players/s/smithdr01.html,Active
Dru Smith,SG,25,MIA,https://www.basketball-reference.com/players/s/smithdr01.html,Active
Dru Smith,SG,25,BRK,https://www.basketball-reference.com/players/s/smithdr01.html,Active
Ish Smith,PG,34,DEN,https://www.basketball-reference.com/players/s/smithis01.html,Active
Jabari Smith Jr.,PF,19,HOU,https://www.basketball-reference.com/players/s/smithja05.html,Active
Jalen Smith,PF,22,IND,https://www.basketball-reference.com/players/s/smithja04.html,Active
Jeremy Sochan,PF,19,SAS,https://www.basketball-reference.com/players/s/sochaje01.html,Active
Jaden Springer,SG,20,PHI,https://www.basketball-reference.com/players/s/sprinja01.html,Active
Lamar Stevens,PF,25,CLE,https://www.basketball-reference.com/players/s/stevela01.html,Active
Isaiah Stewart,C,21,DET,https://www.basketball-reference.com/players/s/stewais01.html,Active
Max Strus,SF,26,MIA,https://www.basketball-reference.com/players/s/strusma01.html,Active
Jalen Suggs,PG,21,ORL,https://www.basketball-reference.com/players/s/suggsja01.html,Active
Edmond Sumner,SG,27,BRK,https://www.basketball-reference.com/players/s/sumneed01.html,Active
Cole Swider,SF,23,LAL,https://www.basketball-reference.com/players/s/swideco01.html,Active
Jae'Sean Tate,SF,27,HOU,https://www.basketball-reference.com/players/t/tateja01.html,Active
Jayson Tatum,PF,24,BOS,https://www.basketball-reference.com/players/t/tatumja01.html,Active
Terry Taylor,PF,23,IND,https://www.basketball-reference.com/players/t/taylote01.html,Active
Garrett Temple,SG,36,NOP,https://www.basketball-reference.com/players/t/templga01.html,Active
Dalen Terry,SG,20,CHI,https://www.basketball-reference.com/players/t/terryda01.html,Active
Daniel Theis,C,30,IND,https://www.basketball-reference.com/players/t/theisda01.html,Active
Cam Thomas,SG,21,BRK,https://www.basketball-reference.com/players/t/thomaca02.html,Active
Klay Thompson,SG,32,GSW,https://www.basketball-reference.com/players/t/thompkl01.html,Active
JT Thor,PF,20,CHO,https://www.basketball-reference.com/players/t/thorjt01.html,Active
Matisse Thybulle,SG,25,PHI,https://www.basketball-reference.com/players/t/thybuma01.html,Active
Xavier Tillman Sr.,PF,24,MEM,https://www.basketball-reference.com/players/t/tillmxa01.html,Active
Isaiah Todd,PF,21,WAS,https://www.basketball-reference.com/players/t/toddis01.html,Active
Obi Toppin,PF,24,NYK,https://www.basketball-reference.com/players/t/toppiob01.html,Active
Juan Toscano-Anderson,SF,29,LAL,https://www.basketball-reference.com/players/t/toscaju01.html,Active
Karl-Anthony Towns,PF,27,MIN,https://www.basketball-reference.com/players/t/townska01.html,Active
Gary Trent Jr.,SG,24,TOR,https://www.basketball-reference.com/players/t/trentga02.html,Active
P.J. Tucker,PF,37,PHI,https://www.basketball-reference.com/players/t/tuckepj01.html,Active
Myles Turner,C,26,IND,https://www.basketball-reference.com/players/t/turnemy01.html,Active
Jonas Valančiūnas,C,30,NOP,https://www.basketball-reference.com/players/v/valanjo01.html,Active
Jarred Vanderbilt,PF,23,UTA,https://www.basketball-reference.com/players/v/vandeja01.html,Active
Fred VanVleet,PG,28,TOR,https://www.basketball-reference.com/players/v/vanvlfr01.html,Active
Devin Vassell,SG,22,SAS,https://www.basketball-reference.com/players/v/vassede01.html,Active
Gabe Vincent,PG,26,MIA,https://www.basketball-reference.com/players/v/vincega01.html,Active
Noah Vonleh,C,27,BOS,https://www.basketball-reference.com/players/v/vonleno01.html,Active
Nikola Vučević,C,32,CHI,https://www.basketball-reference.com/players/v/vucevni01.html,Active
Dean Wade,PF,26,CLE,https://www.basketball-reference.com/players/w/wadede01.html,Active
Franz Wagner,SF,21,ORL,https://www.basketball-reference.com/players/w/wagnefr01.html,Active
Moritz Wagner,C,25,ORL,https://www.basketball-reference.com/players/w/wagnemo01.html,Active
Ish Wainright,SF,28,PHO,https://www.basketball-reference.com/players/w/wainris01.html,Active
Jabari Walker,SF,20,POR,https://www.basketball-reference.com/players/w/walkeja01.html,Active
Kemba Walker,PG,32,DAL,https://www.basketball-reference.com/players/w/walkeke02.html,Active
Lonnie Walker IV,SG,24,LAL,https://www.basketball-reference.com/players/w/walkelo01.html,Active
John Wall,PG,32,LAC,https://www.basketball-reference.com/players/w/walljo01.html,Active
T.J. Warren,PF,29,BRK,https://www.basketball-reference.com/players/w/warretj01.html,Active
Duane Washington Jr.,SG,22,PHO,https://www.basketball-reference.com/players/w/washidu02.html,Active
P.J. Washington,PF,24,CHO,https://www.basketball-reference.com/players/w/washipj01.html,Active
TyTy Washington Jr.,PG,21,HOU,https://www.basketball-reference.com/players/w/washity02.html,Active
Yuta Watanabe,SF,28,BRK,https://www.basketball-reference.com/players/w/watanyu01.html,Active
Lindy Waters III,SG,25,OKC,https://www.basketball-reference.com/players/w/waterli01.html,Active
Trendon Watford,PF,22,POR,https://www.basketball-reference.com/players/w/watfotr01.html,Active
Peyton Watson,SG,20,DEN,https://www.basketball-reference.com/players/w/watsope01.html,Active
Blake Wesley,SG,19,SAS,https://www.basketball-reference.com/players/w/weslebl01.html,Active
Russell Westbrook,PG,34,LAL,https://www.basketball-reference.com/players/w/westbru01.html,Active
Coby White,SG,22,CHI,https://www.basketball-reference.com/players/w/whiteco01.html,Active
Derrick White,SG,28,BOS,https://www.basketball-reference.com/players/w/whitede01.html,Active
Jack White,SF,25,DEN,https://www.basketball-reference.com/players/w/whiteja03.html,Active
Joe Wieskamp,SF,23,TOR,https://www.basketball-reference.com/players/w/wieskjo01.html,Active
Aaron Wiggins,SG,24,OKC,https://www.basketball-reference.com/players/w/wiggiaa01.html,Active
Andrew Wiggins,SF,27,GSW,https://www.basketball-reference.com/players/w/wiggian01.html,Active
Alondes Williams,SG,23,BRK,https://www.basketball-reference.com/players/w/willial06.html,Active
Grant Williams,PF,24,BOS,https://www.basketball-reference.com/players/w/willigr01.html,Active
Jalen Williams,SG,21,OKC,https://www.basketball-reference.com/players/w/willija06.html,Active
Jaylin Williams,PF,20,OKC,https://www.basketball-reference.com/players/w/willija07.html,Active
Kenrich Williams,PF,28,OKC,https://www.basketball-reference.com/players/w/willike04.html,Active
Mark Williams,C,21,CHO,https://www.basketball-reference.com/players/w/willima07.html,Active
Patrick Williams,PF,21,CHI,https://www.basketball-reference.com/players/w/willipa01.html,Active
Robert Williams,C,25,BOS,https://www.basketball-reference.com/players/w/williro04.html,Active
Vince Williams Jr.,SG,22,MEM,https://www.basketball-reference.com/players/w/willivi01.html,Active
Ziaire Williams,SF,21,MEM,https://www.basketball-reference.com/players/w/willizi02.html,Active
Zion Williamson,PF,22,NOP,https://www.basketball-reference.com/players/w/willizi01.html,Active
Justise Winslow,SF,26,POR,https://www.basketball-reference.com/players/w/winslju01.html,Active
James Wiseman,C,21,GSW,https://www.basketball-reference.com/players/w/wisemja01.html,Active
Christian Wood,C,27,DAL,https://www.basketball-reference.com/players/w/woodch01.html,Active
Delon Wright,PG,30,WAS,https://www.basketball-reference.com/players/w/wrighde01.html,Active
McKinley Wright IV,PG,24,DAL,https://www.basketball-reference.com/players/w/wrighmc01.html,Active
Thaddeus Young,PF,34,TOR,https://www.basketball-reference.com/players/y/youngth01.html,Active
Trae Young,PG,24,ATL,https://www.basketball-reference.com/players/y/youngtr01.html,Active
Ivica Zubac,C,25,LAC,https://www.basketball-reference.com/players/z/zubaciv01.html,Active
